location,Basel,Basel,Basel
lat,47.75000,47.75000,47.75000
lon,7.50000,7.50000,7.50000
asl,363.653,363.653,363.653
variable,Temperature,Temperature,Temperature
unit,°C,°C,°C
level,2 m elevation corrected,2 m elevation corrected,2 m elevation corrected
resolution,daily,daily,daily
aggregation,Maximum,Minimum,Mean
timestamp,Basel Temperature [2 m elevation corrected],Basel Temperature [2 m elevation corrected],Basel Temperature [2 m elevation corrected]
20200101T0000,1.6402454,-2.6797547,-1.146838
20200102T0000,3.0002456,-1.7697545,0.07774543
20200103T0000,8.130245,1.6902454,5.2660785
20200104T0000,7.690245,2.6402454,6.081495
20200105T0000,7.150245,-1.1397547,1.9931622
20200106T0000,4.7602453,-1.4997545,0.5369121
20200107T0000,7.4302454,0.5302454,3.723162
20200108T0000,7.7402453,-0.29975462,3.7560787
20200109T0000,13.040245,5.750245,8.103995
20200110T0000,11.050245,7.0302453,9.141496
20200111T0000,8.070246,0.6002454,5.338995
20200112T0000,6.0602455,-0.4597546,1.9148287
20200113T0000,8.540245,0.3802454,3.665662
20200114T0000,10.570246,0.6002454,4.593162
20200115T0000,12.720245,-0.1997546,5.8452454
20200116T0000,12.970245,0.9402454,6.4294124
20200117T0000,7.8502455,-0.2697546,4.227329
20200118T0000,6.8702455,0.97024536,4.7944126
20200119T0000,3.8602452,-0.6697546,1.4994121
20200120T0000,5.920245,-1.1197546,2.4394119
20200121T0000,4.150245,-4.5897546,-1.2464213
20200122T0000,2.2502456,-4.2397547,-1.9022546
20200123T0000,1.5702454,-3.2197547,-1.4147545
20200124T0000,5.960245,-1.8497547,0.5456621
20200125T0000,6.420245,-0.8497546,1.5435785
20200126T0000,7.960245,-0.49975455,3.2206619
20200127T0000,9.130245,4.2702456,6.72983
20200128T0000,9.010245,4.3702455,6.9348283
20200129T0000,7.3402452,3.7902455,5.4294124
20200130T0000,10.520246,3.3002453,7.314829
20200131T0000,14.250245,10.680245,12.243161
20200201T0000,13.910245,10.290245,12.093162
20200202T0000,14.460245,11.230246,12.816913
20200203T0000,16.000246,12.800245,13.506912
20200204T0000,16.530245,3.5002456,6.258578
20200205T0000,7.5702453,-2.0597544,3.8119118
20200206T0000,7.6602454,-2.6997547,1.0602453
20200207T0000,8.460245,-2.9897547,1.0260788
20200208T0000,10.260245,-2.3997545,2.2327452
20200209T0000,15.590245,1.1702454,8.7669115
20200210T0000,14.860246,10.440246,12.097747
20200211T0000,10.130245,4.900245,6.5094123
20200212T0000,7.4102454,3.5602455,5.6656623
20200213T0000,10.100245,-0.33975458,5.1360784
20200214T0000,10.660245,2.0302453,7.039412
20200215T0000,12.460245,0.6602454,5.5002456
20200216T0000,17.200245,7.3002453,12.181079
20200217T0000,15.5602455,6.790245,10.945661
20200218T0000,9.150246,4.420245,6.5077453
20200219T0000,7.920245,4.2102456,6.197746
20200220T0000,12.130245,3.6602454,7.7694125
20200221T0000,9.920245,0.84024537,6.2135787
20200222T0000,13.750245,-0.98975456,6.891912
20200223T0000,15.970245,10.950245,13.349411
20200224T0000,16.510246,10.850245,13.133579
20200225T0000,10.710245,7.040245,8.525246
20200226T0000,6.380245,2.4102454,3.5360787
20200227T0000,8.000245,2.3302455,4.1423287
20200228T0000,9.390245,1.5602454,5.7344117
20200229T0000,16.170246,6.2602453,10.258578
20200301T0000,13.980246,6.500245,9.406494
20200302T0000,7.520245,3.1902456,5.761913
20200303T0000,7.8702455,2.3202453,5.4898295
20200304T0000,9.720245,1.9802454,5.1739955
20200305T0000,10.440246,4.9902453,7.8423276
20200306T0000,8.090245,5.170245,6.0289955
20200307T0000,7.940245,0.3802454,5.113995
20200308T0000,12.070246,0.2602454,5.9589944
20200309T0000,8.320246,4.5602455,7.0327454
20200310T0000,10.280245,3.8402452,7.183162
20200311T0000,15.630245,9.820246,12.392746
20200312T0000,15.670245,9.570246,12.417747
20200313T0000,12.130245,3.8602452,8.594829
20200314T0000,10.720245,0.7402454,5.7373295
20200315T0000,15.480246,0.3702454,7.0089946
20200316T0000,17.470245,1.9302454,9.841079
20200317T0000,17.150246,7.400245,11.254411
20200318T0000,19.070246,4.0802455,11.118996
20200319T0000,19.280245,4.5202456,11.388161
20200320T0000,19.300245,7.210245,12.501912
20200321T0000,8.8102455,5.5302453,7.1527443
20200322T0000,9.820246,2.2602453,6.089828
20200323T0000,10.420245,-2.1097546,3.6477454
20200324T0000,10.760245,-3.8597546,3.585245
20200325T0000,10.250245,-2.1697545,3.8952456
20200326T0000,9.710245,-2.2097545,3.3119123
20200327T0000,13.460245,-1.0797546,6.401495
20200328T0000,17.060246,0.5502454,9.505244
20200329T0000,8.260245,3.0602455,5.6985784
20200330T0000,6.380245,-0.90975463,3.3377454
20200331T0000,10.800245,-3.2997546,3.6752453
20200401T0000,12.040245,-1.9397546,4.3577456
20200402T0000,14.960245,-2.6797547,6.118995
20200403T0000,13.460245,-0.20975459,7.502745
20200404T0000,17.060246,-0.64975464,8.430245
20200405T0000,19.980246,2.1102452,10.9527445
20200406T0000,22.080246,3.5002456,12.564411
20200407T0000,23.680244,3.8402452,13.584828
20200408T0000,22.770245,4.6402454,14.146079
20200409T0000,23.020245,6.6202455,14.606495
20200410T0000,23.250246,4.8102455,14.376079
20200411T0000,23.430244,6.1602454,14.696495
20200412T0000,23.610245,8.690246,15.953576
20200413T0000,22.110245,8.570246,14.871078
20200414T0000,13.710245,2.8102455,8.221495
20200415T0000,19.570246,-0.16975462,10.059411
20200416T0000,23.600245,4.420245,14.423164
20200417T0000,24.410246,8.780245,16.80816
20200418T0000,23.020245,9.140245,16.53733
20200419T0000,22.540245,8.910245,16.855661
20200420T0000,20.810246,11.870245,16.242746
20200421T0000,20.200245,9.350245,14.108162
20200422T0000,23.350245,6.980245,14.823161
20200423T0000,23.290245,5.610245,14.971913
20200424T0000,23.810246,6.480245,16.047327
20200425T0000,22.340246,11.270246,16.58358
20200426T0000,19.850245,9.980246,14.280246
20200427T0000,22.670246,9.550245,16.108995
20200428T0000,17.090246,11.840245,14.562327
20200429T0000,16.240246,10.250245,12.788581
20200430T0000,13.5602455,10.770246,11.928161
20200501T0000,12.840245,10.700245,11.626495
20200502T0000,14.230246,6.1802454,10.602744
20200503T0000,17.400246,4.0302453,11.556496
20200504T0000,22.310246,9.470245,15.930244
20200505T0000,14.650246,11.290245,12.773578
20200506T0000,18.080246,7.4902453,12.339412
20200507T0000,23.050245,3.1002455,13.821496
20200508T0000,25.710245,8.790245,17.881079
20200509T0000,25.920246,12.5602455,19.406912
20200510T0000,24.740246,14.870245,19.472746
20200511T0000,16.950245,4.3102455,9.929412
20200512T0000,13.870245,4.0802455,9.168162
20200513T0000,10.860246,7.3902454,9.700663
20200514T0000,13.530245,8.900246,11.099412
20200515T0000,15.990245,9.250245,12.816078
20200516T0000,19.990246,5.6602454,12.974411
20200517T0000,21.180244,8.350245,14.910661
20200518T0000,24.180244,9.270246,16.92816
20200519T0000,25.120245,11.780245,19.329828
20200520T0000,24.880245,12.710245,19.580662
20200521T0000,26.820246,10.920245,20.05733
20200522T0000,27.590246,12.940246,20.798994
20200523T0000,20.230246,8.280246,14.500661
20200524T0000,19.550245,8.250245,13.888997
20200525T0000,20.330246,8.320246,15.074412
20200526T0000,22.130245,8.130245,16.002329
20200527T0000,24.000246,8.010245,16.686913
20200528T0000,23.380245,9.620245,17.485247
20200529T0000,22.620245,9.030245,16.58566
20200530T0000,22.420246,8.960245,16.438578
20200531T0000,23.490246,8.250245,16.501076
20200601T0000,27.200245,9.190246,18.660662
20200602T0000,27.930244,10.410245,20.094414
20200603T0000,26.990246,13.330245,19.974413
20200604T0000,19.070246,13.950245,16.407331
20200605T0000,16.490246,12.870245,14.191079
20200606T0000,16.690245,13.210245,15.154827
20200607T0000,16.280245,11.480246,13.646913
20200608T0000,19.620245,11.240245,15.146495
20200609T0000,14.950245,11.8102455,13.79983
20200610T0000,18.170246,13.010245,15.006077
20200611T0000,21.620245,13.170245,16.83858
20200612T0000,26.630245,11.520246,19.53816
20200613T0000,22.880245,13.820246,17.518162
20200614T0000,18.910246,13.920245,16.241495
20200615T0000,21.100245,13.010245,17.526915
20200616T0000,22.300245,13.500245,18.260244
20200617T0000,16.670246,11.660245,15.190661
20200618T0000,21.510244,11.350245,16.458578
20200619T0000,19.370245,12.690246,15.984828
20200620T0000,22.480246,11.5602455,17.346912
20200621T0000,25.100245,12.510245,19.440245
20200622T0000,25.650246,15.780245,20.376081
20200623T0000,28.410246,13.160245,21.309828
20200624T0000,29.970245,13.660245,22.245245
20200625T0000,29.470245,14.220245,22.348993
20200626T0000,27.010244,16.800245,21.852743
20200627T0000,28.350245,17.260244,22.846079
20200628T0000,25.530245,16.200245,21.091078
20200629T0000,23.600245,14.510245,18.717329
20200630T0000,25.550245,12.660245,19.364412
20200701T0000,30.320246,15.150246,23.17108
20200702T0000,23.460245,18.770245,20.716078
20200703T0000,23.110245,15.770246,19.278578
20200704T0000,26.300245,12.430245,20.380245
20200705T0000,28.300245,17.120245,22.64691
20200706T0000,23.750246,13.610246,19.476912
20200707T0000,24.760244,9.660245,18.290663
20200708T0000,28.430244,10.910245,21.057745
20200709T0000,32.190247,14.440246,23.993582
20200710T0000,29.850245,17.840246,23.779829
20200711T0000,24.460245,14.930245,19.638577
20200712T0000,26.900246,11.5602455,19.909412
20200713T0000,27.920246,11.520246,20.596495
20200714T0000,28.990246,14.330245,22.20066
20200715T0000,20.230246,16.690245,18.875246
20200716T0000,19.010244,16.150246,17.175243
20200717T0000,22.270245,15.700245,18.331495
20200718T0000,27.150246,13.570246,20.595247
20200719T0000,30.040245,11.770246,21.868996
20200720T0000,31.880245,14.630245,24.301912
20200721T0000,28.430244,16.980246,23.251495
20200722T0000,30.070246,16.130245,23.704828
20200723T0000,30.350245,17.940245,24.021494
20200724T0000,25.780245,17.540245,21.317745
20200725T0000,29.980246,15.330245,23.334412
20200726T0000,27.590246,17.860245,22.915247
20200727T0000,34.570248,15.750245,25.356913
20200728T0000,30.230246,20.460245,25.716494
20200729T0000,30.190245,16.570246,23.487745
20200730T0000,34.060246,13.730246,24.741081
20200731T0000,37.20025,17.680244,28.0615
20200801T0000,33.070248,21.460245,27.444412
20200802T0000,24.270245,18.100245,21.011911
20200803T0000,20.730246,14.820246,17.398994
20200804T0000,19.860245,13.360246,16.567327
20200805T0000,26.430244,10.500245,19.08733
20200806T0000,29.320246,12.300245,21.449411
20200807T0000,31.740246,14.700245,23.962328
20200808T0000,33.500248,17.460245,25.765661
20200809T0000,33.890247,17.200245,25.722746
20200810T0000,33.61025,18.110245,25.653997
20200811T0000,32.93025,19.500246,26.354828
20200812T0000,32.810246,19.430244,25.922745
20200813T0000,28.960245,20.110245,24.31524
20200814T0000,25.870245,18.420246,21.916496
20200815T0000,29.120245,16.300245,22.413162
20200816T0000,31.500246,15.580245,23.66941
20200817T0000,26.280245,18.180244,21.513159
20200818T0000,25.680244,16.240246,21.048162
20200819T0000,28.630245,14.820246,22.280243
20200820T0000,34.410248,19.160246,26.571909
20200821T0000,35.440247,18.800245,27.376501
20200822T0000,25.900246,18.680244,22.42566
20200823T0000,24.290245,17.040245,20.557745
20200824T0000,24.860245,14.400246,19.393997
20200825T0000,27.520245,12.260245,20.604412
20200826T0000,27.330246,15.610246,23.175661
20200827T0000,26.020245,11.280245,19.302744
20200828T0000,22.490246,14.230246,17.780664
20200829T0000,18.480246,14.180245,16.073992
20200830T0000,14.800245,11.780245,13.838581
20200831T0000,19.130245,11.180245,15.046081
20200901T0000,19.270245,13.460245,15.979829
20200902T0000,21.720245,10.880245,16.42941
20200903T0000,24.530245,9.3102455,17.133577
20200904T0000,28.760244,10.960245,20.016077
20200905T0000,27.040245,15.210245,20.833578
20200906T0000,19.290245,13.580245,16.979828
20200907T0000,21.990246,12.490245,16.810246
20200908T0000,25.180244,9.580245,17.375664
20200909T0000,27.320246,10.090245,18.613163
20200910T0000,26.550245,11.340245,19.313164
20200911T0000,27.000246,14.260245,20.33941
20200912T0000,28.480246,13.890245,20.779827
20200913T0000,29.610245,11.840245,20.468164
20200914T0000,31.220245,14.390245,22.080246
20200915T0000,32.060246,14.640245,23.180658
20200916T0000,29.850245,15.200245,22.466497
20200917T0000,28.200245,15.950245,21.463995
20200918T0000,26.770245,15.620245,20.488997
20200919T0000,25.030245,14.770246,19.76233
20200920T0000,26.400246,15.190246,19.58316
20200921T0000,26.400246,12.410245,19.501915
20200922T0000,25.710245,14.680245,19.759827
20200923T0000,22.720245,15.890245,18.452745
20200924T0000,22.340246,14.550245,17.843996
20200925T0000,14.460245,9.3102455,11.294414
20200926T0000,9.760245,8.3102455,8.923579
20200927T0000,11.700245,6.170245,9.095662
20200928T0000,15.070246,6.040245,11.008579
20200929T0000,14.380245,10.010245,12.2302475
20200930T0000,18.090246,9.110246,12.415245
20201001T0000,17.240246,9.420245,12.793579
20201002T0000,16.420246,10.730246,13.336911
20201003T0000,14.880245,9.040245,11.20108
20201004T0000,17.000246,10.450245,13.04108
20201005T0000,13.540245,8.920245,11.405663
20201006T0000,15.770246,11.470245,13.031911
20201007T0000,14.220245,10.300245,12.021077
20201008T0000,18.660246,9.300245,13.491913
20201009T0000,18.500246,11.140245,14.317329
20201010T0000,13.440246,6.420245,11.327746
20201011T0000,11.750245,5.130245,7.778162
20201012T0000,11.120245,4.1402454,7.4264965
20201013T0000,11.900246,2.8502455,7.0085793
20201014T0000,12.650246,4.6202455,8.075663
20201015T0000,9.240245,6.8702455,8.237744
20201016T0000,10.450245,8.420245,9.331079
20201017T0000,10.510245,7.2002454,8.612744
20201018T0000,12.070246,5.8202453,8.688162
20201019T0000,13.500245,3.8202453,7.4677453
20201020T0000,16.000246,3.8102455,9.411912
20201021T0000,16.920246,8.940246,12.253578
20201022T0000,18.780245,9.400246,13.678996
20201023T0000,15.030245,12.910245,13.755246
20201024T0000,16.470245,7.5602455,12.611912
20201025T0000,17.150246,7.630245,11.378995
20201026T0000,11.650246,6.610245,8.8223295
20201027T0000,12.180245,6.130245,8.910246
20201028T0000,14.760245,10.770246,12.483578
20201029T0000,13.680245,11.440246,12.43608
20201030T0000,15.630245,6.1402454,12.16983
20201031T0000,14.860246,4.730245,8.571913
20201101T0000,15.680245,8.550245,13.034411
20201102T0000,21.830246,15.350245,17.491495
20201103T0000,15.590245,8.5602455,12.06441
20201104T0000,9.420245,6.8102455,8.173578
20201105T0000,11.640245,6.3902454,8.468995
20201106T0000,11.360246,4.7602453,7.2519116
20201107T0000,12.770246,5.400245,7.899828
20201108T0000,13.330245,6.520245,8.868577
20201109T0000,14.870245,6.4502454,9.364828
20201110T0000,11.290245,5.8002453,7.8685784
20201111T0000,10.920245,6.8102455,8.625245
20201112T0000,14.140245,5.8302455,9.364411
20201113T0000,15.570246,4.3902454,8.979411
20201114T0000,15.990245,5.4302454,8.761495
20201115T0000,16.010246,5.0302453,10.378579
20201116T0000,13.720245,7.6402454,10.498995
20201117T0000,12.820246,3.4102454,7.611496
20201118T0000,12.800245,2.4702454,5.974829
20201119T0000,11.030245,5.520245,8.422745
20201120T0000,7.400245,-0.04975462,5.2448287
20201121T0000,6.0102453,-2.2297544,1.055662
20201122T0000,6.3502455,-2.6797547,1.450662
20201123T0000,9.870245,-0.04975462,3.8144119
20201124T0000,6.5102453,0.4002454,2.9998286
20201125T0000,7.3902454,-0.07975459,2.598579
20201126T0000,8.300245,0.2702454,2.998162
20201127T0000,7.5702453,0.77024543,3.3223286
20201128T0000,5.020245,0.4602454,1.9231621
20201129T0000,3.4002452,-0.7097546,1.3406621
20201130T0000,2.9102454,-1.5297545,0.32774547
20201201T0000,3.1102452,-0.05975461,1.8002454
20201202T0000,3.4302454,1.1102455,2.1719122
20201203T0000,5.790245,0.23024541,2.2264955
20201204T0000,3.6202455,1.9102454,2.8135786
20201205T0000,4.8902454,1.4702454,2.952329
20201206T0000,4.6802454,1.9902455,3.046912
20201207T0000,5.3402452,0.7202454,2.8014953
20201208T0000,3.2702456,1.1402454,2.1302454
20201209T0000,3.0802455,0.77024543,2.1269119
20201210T0000,2.6702452,-1.1297545,0.53274536
20201211T0000,3.0802455,-1.7497545,1.0256621
20201212T0000,7.3002453,3.4902453,6.1785793
20201213T0000,7.460245,2.3702455,5.9494114
20201214T0000,7.7002454,0.8302454,3.634412
20201215T0000,7.790245,4.170245,6.101912
20201216T0000,9.020246,5.650245,6.786495
20201217T0000,9.290245,4.5002456,6.018162
20201218T0000,8.300245,3.3402452,4.921495
20201219T0000,7.110245,1.7202454,4.254412
20201220T0000,8.250245,4.1602454,5.934412
20201221T0000,10.870245,4.380245,7.226911
20201222T0000,14.390245,11.130245,12.780246
20201223T0000,13.610246,10.370245,11.945245
20201224T0000,10.960245,3.7102456,7.468162
20201225T0000,3.8202453,-0.34975457,2.6198287
20201226T0000,3.6002455,-3.4097548,0.03191201
20201227T0000,5.940245,-3.4897547,1.2848287
20201228T0000,4.8002453,2.1802454,3.5835783
20201229T0000,6.0602455,2.7602453,4.7923284
20201230T0000,4.790245,1.8002454,3.1223285
20201231T0000,4.2202454,-0.09975457,2.309412
20210101T0000,3.4202452,1.3502455,2.2239952
20210102T0000,2.8102455,1.1702454,1.9794121
20210103T0000,1.4802454,-0.009754598,0.7623288
20210104T0000,2.2502456,-1.2697546,0.6839954
20210105T0000,1.4302454,0.2902454,0.806912
20210106T0000,1.7102454,0.20024541,0.914412
20210107T0000,3.5602455,0.4202454,1.7673287
20210108T0000,3.0202456,-2.9097548,0.52482873
20210109T0000,2.1402454,-3.9697547,-1.235588
20210110T0000,1.8002454,-2.5197544,-0.98683786
20210111T0000,0.4002454,-4.3597546,-2.6101713
20210112T0000,3.0502453,-2.5597544,1.1581621
20210113T0000,6.7402453,1.2702454,3.6360781
20210114T0000,7.3002453,0.4802454,3.293162
20210115T0000,0.9302454,-7.589755,-1.5672547
20210116T0000,-1.8597547,-12.9397545,-6.851004
20210117T0000,2.6002455,-1.4597546,1.5548286
20210118T0000,3.3702455,-1.8197545,1.6339955
20210119T0000,4.0202456,-3.8097548,0.092745274
20210120T0000,5.230245,-0.8197546,1.7398285
20210121T0000,10.630245,1.5102453,7.260245
20210122T0000,11.320246,2.3902454,8.613162
20210123T0000,5.960245,2.1502454,3.5289948
20210124T0000,4.1002455,0.16024542,1.8589953
20210125T0000,3.2602453,0.8702454,2.0144117
20210126T0000,3.8802452,-0.3697546,1.625662
20210127T0000,3.0702453,-1.7897545,0.97816205
20210128T0000,11.890245,3.2802453,8.324412
20210129T0000,11.180245,7.8702455,9.907744
20210130T0000,8.370246,6.5102453,7.650662
20210131T0000,8.0602455,5.860245,6.6373286
20210201T0000,10.050245,5.9902453,8.287329
20210202T0000,12.340245,8.200246,10.536495
20210203T0000,12.300245,9.800245,11.338996
20210204T0000,10.670245,4.3702455,7.996912
20210205T0000,11.780245,5.690245,8.160661
20210206T0000,8.280246,4.7602453,6.49983
20210207T0000,8.360246,4.2002454,6.0356617
20210208T0000,3.9002452,0.5602454,2.2114952
20210209T0000,1.6002454,-0.52975464,0.3539954
20210210T0000,-0.51975465,-5.8197546,-3.367255
20210211T0000,-3.7597547,-9.169755,-6.2735047
20210212T0000,-2.4597545,-10.929754,-6.773088
20210213T0000,-2.1697545,-12.429754,-7.1905885
20210214T0000,0.17024541,-12.989755,-6.5472546
20210215T0000,3.7002454,-5.829755,-0.27058792
20210216T0000,11.150246,3.0102453,6.109829
20210217T0000,11.960245,0.9902454,7.028996
20210218T0000,10.970245,0.2102454,5.3077455
20210219T0000,14.300245,4.3702455,9.062745
20210220T0000,16.070246,2.3802454,7.6581616
20210221T0000,16.600245,1.5702454,7.729412
20210222T0000,15.260245,2.0202456,7.318995
20210223T0000,17.960245,2.6602454,8.876496
20210224T0000,18.870245,4.2902455,9.960662
20210225T0000,19.710245,3.7002454,9.8102455
20210226T0000,15.140245,3.2902455,8.832746
20210227T0000,10.740245,3.3902454,7.194828
20210228T0000,10.200245,-0.1897546,3.8848288
20210301T0000,12.360246,-2.1797547,4.3610787
20210302T0000,16.240246,-0.4497546,6.496912
20210303T0000,12.490245,1.6902454,6.574412
20210304T0000,13.870245,4.9102454,8.74233
20210305T0000,6.670245,2.5902452,5.3994117
20210306T0000,8.100245,-1.0697546,2.6406624
20210307T0000,11.350245,-1.3597546,4.787329
20210308T0000,9.660245,-0.029754579,4.235245
20210309T0000,8.940246,-0.7997546,4.044829
20210310T0000,11.840245,0.23024541,6.510245
20210311T0000,14.160245,8.270246,11.440661
20210312T0000,11.090245,6.0802455,8.756495
20210313T0000,11.800245,5.9902453,8.343579
20210314T0000,6.150245,3.1102452,4.5210786
20210315T0000,7.920245,3.6402454,5.3410783
20210316T0000,7.110245,3.1202455,4.9831624
20210317T0000,5.960245,2.1002455,3.818162
20210318T0000,5.9502454,-0.21975458,2.9656618
20210319T0000,6.1802454,-2.5297546,2.2373288
20210320T0000,5.130245,-2.0397544,1.8652455
20210321T0000,6.3202453,0.9602454,3.6973286
20210322T0000,6.1402454,2.0802455,4.286079
20210323T0000,12.040245,-0.40975457,5.5881615
20210324T0000,16.500246,-1.1197546,7.001079
20210325T0000,16.570246,1.2602453,9.190661
20210326T0000,17.160246,3.0802455,10.670245
20210327T0000,11.740245,1.5102453,8.581912
20210328T0000,16.300245,-1.3297546,7.546913
20210329T0000,20.850245,2.5702453,11.100662
20210330T0000,22.500246,4.630245,12.996495
20210331T0000,24.860245,5.5502453,14.716911
20210401T0000,24.820246,7.750245,15.874829
20210402T0000,16.140245,6.500245,11.521913
20210403T0000,10.740245,3.0302453,6.766912
20210404T0000,14.510245,-0.41975462,7.148995
20210405T0000,14.770246,1.2102454,6.6827455
20210406T0000,5.190245,-2.4597545,1.7719121
20210407T0000,5.150245,-0.33975458,2.4273288
20210408T0000,12.0602455,-0.86975455,5.073162
20210409T0000,18.260244,0.2802454,9.976079
20210410T0000,17.900246,10.040245,13.621913
20210411T0000,16.750246,6.5602455,11.578578
20210412T0000,8.400246,1.3802454,4.6844125
20210413T0000,7.9702454,0.030245423,4.1414957
20210414T0000,9.090245,-1.9597546,3.9173286
20210415T0000,9.020246,-1.3097546,4.2673287
20210416T0000,9.680245,-1.0797546,4.789829
20210417T0000,10.800245,-1.2697546,6.0260787
20210418T0000,9.880245,4.130245,7.0898285
20210419T0000,11.940246,1.1402454,7.711077
20210420T0000,16.380245,1.2502453,8.990246
20210421T0000,17.860245,1.9302454,10.344829
20210422T0000,16.820246,4.7602453,10.767327
20210423T0000,19.160246,2.1202455,10.706496
20210424T0000,21.230246,1.7202454,11.818161
20210425T0000,19.150246,4.9302454,12.374413
20210426T0000,19.270245,5.4502454,11.783578
20210427T0000,19.260244,3.0102453,11.5169115
20210428T0000,20.630245,6.290245,13.408578
20210429T0000,15.800245,10.450245,12.947746
20210430T0000,10.680245,5.770245,8.366496
20210501T0000,9.900246,4.8402452,7.7289963
20210502T0000,11.030245,4.7202454,8.167329
20210503T0000,15.280245,2.4202454,9.080661
20210504T0000,16.930244,5.540245,12.21066
20210505T0000,12.240245,6.400245,9.886913
20210506T0000,11.980246,6.8902454,9.643579
20210507T0000,14.370245,4.7202454,10.441913
20210508T0000,21.050245,3.0802455,12.344829
20210509T0000,28.030245,9.190246,19.259829
20210510T0000,18.000246,12.450245,15.317748
20210511T0000,13.630245,10.830245,12.411078
20210512T0000,15.970245,8.430245,12.189411
20210513T0000,14.190246,7.170245,10.749413
20210514T0000,16.280245,5.210245,11.212746
20210515T0000,14.340245,8.3102455,10.680245
20210516T0000,14.830245,8.800245,11.656911
20210517T0000,13.710245,9.760245,11.293162
20210518T0000,16.080246,9.270246,11.944412
20210519T0000,12.770246,8.150246,10.37733
20210520T0000,16.790245,8.770246,12.065662
20210521T0000,13.770246,9.200245,11.399827
20210522T0000,17.760244,9.180245,12.994411
20210523T0000,16.760244,8.3102455,12.411495
20210524T0000,18.360245,6.440245,12.115246
20210525T0000,15.980246,8.690246,11.879828
20210526T0000,13.820246,10.510245,12.481498
20210527T0000,17.590246,7.6402454,12.6714945
20210528T0000,20.370245,5.040245,13.745247
20210529T0000,21.220245,9.760245,15.503578
20210530T0000,22.030245,7.690245,15.425663
20210531T0000,23.390245,7.1002455,15.835662
20210601T0000,26.070246,9.030245,18.017746
20210602T0000,25.380245,11.660245,19.111494
20210603T0000,26.710245,16.350246,21.343994
20210604T0000,27.020245,16.050245,20.82566
20210605T0000,19.200245,15.790245,17.512747
20210606T0000,18.150246,15.150246,16.681494
20210607T0000,19.530245,15.590245,17.328577
20210608T0000,21.120245,15.800245,18.092745
20210609T0000,23.420246,14.520246,18.617748
20210610T0000,25.690245,13.400246,19.810247
20210611T0000,27.160246,13.680245,21.14358
20210612T0000,27.670246,14.690246,21.868576
20210613T0000,26.190245,15.050245,20.613577
20210614T0000,28.950245,11.620245,21.092329
20210615T0000,30.150246,13.120245,22.788164
20210616T0000,32.270245,14.260245,24.067331
20210617T0000,32.510246,17.450245,25.692327
20210618T0000,32.150246,19.820246,25.743162
20210619T0000,32.100246,19.110245,25.87233
20210620T0000,28.230246,16.280245,22.512747
20210621T0000,27.590246,16.270247,20.99108
20210622T0000,23.480246,16.110247,19.387743
20210623T0000,25.520245,16.320246,20.01858
20210624T0000,21.500246,15.3102455,17.60691
20210625T0000,20.780245,15.0602455,17.571077
20210626T0000,25.790245,13.450245,19.569414
20210627T0000,28.250246,14.700245,21.802328
20210628T0000,28.140245,17.240246,20.996077
20210629T0000,20.650246,15.040245,17.977745
20210630T0000,19.030245,12.860246,15.289829
20210701T0000,21.050245,13.710245,17.349411
20210702T0000,24.560246,11.080245,18.509413
20210703T0000,24.740246,12.320246,18.747746
20210704T0000,22.890245,15.870245,18.507746
20210705T0000,23.950245,15.680245,19.155245
20210706T0000,21.020245,15.210245,17.510664
20210707T0000,23.180244,15.440246,18.969828
20210708T0000,19.370245,15.390245,17.40191
20210709T0000,22.600245,14.520246,18.598993
20210710T0000,26.430244,11.600245,19.05733
20210711T0000,23.500246,14.080245,18.475246
20210712T0000,25.270245,12.900246,19.28691
20210713T0000,17.900246,13.040245,15.481495
20210714T0000,19.340246,13.3102455,15.975244
20210715T0000,18.940245,14.630245,17.012743
20210716T0000,21.130245,15.720245,18.421495
20210717T0000,23.110245,16.340246,19.625244
20210718T0000,26.380245,16.840246,21.500246
20210719T0000,27.840246,14.710245,21.63149
20210720T0000,25.780245,15.290245,20.212746
20210721T0000,26.800245,15.010245,20.607328
20210722T0000,27.730246,16.080246,21.369415
20210723T0000,28.580246,14.000245,21.826498
20210724T0000,25.460245,17.980246,21.18316
20210725T0000,23.880245,16.910246,19.995247
20210726T0000,23.630245,16.370245,19.75983
20210727T0000,25.770245,14.380245,20.134829
20210728T0000,24.140245,16.490246,19.662329
20210729T0000,25.110245,15.570246,20.005663
20210730T0000,27.250246,14.120245,20.510664
20210731T0000,23.320246,15.900246,19.24941
20210801T0000,18.870245,13.700245,15.956496
20210802T0000,21.990246,12.980246,17.204828
20210803T0000,18.630245,12.780245,15.537746
20210804T0000,18.010244,13.120245,15.825245
20210805T0000,20.970245,13.390245,17.162329
20210806T0000,22.840246,14.990245,18.743162
20210807T0000,19.110245,15.050245,16.382746
20210808T0000,21.270245,12.350245,17.366495
20210809T0000,22.870245,10.450245,17.211079
20210810T0000,26.630245,12.420245,19.766912
20210811T0000,29.080246,15.010245,21.758163
20210812T0000,31.100245,14.910245,22.911081
20210813T0000,30.550245,19.270245,24.63816
20210814T0000,31.470245,17.960245,24.443993
20210815T0000,29.360245,18.180244,23.678995
20210816T0000,21.800245,15.570246,20.27858
20210817T0000,20.360245,13.680245,17.23566
20210818T0000,21.090246,15.340245,17.721079
20210819T0000,22.400246,14.760245,18.648163
20210820T0000,25.170246,15.000245,19.84358
20210821T0000,28.890245,12.960245,20.984827
20210822T0000,22.060246,16.250246,19.304829
20210823T0000,21.150246,13.850245,17.578579
20210824T0000,21.430244,14.530245,17.759415
20210825T0000,22.430244,13.520246,17.570246
20210826T0000,21.290245,11.040245,16.351494
20210827T0000,19.920246,12.180245,15.7460785
20210828T0000,18.340246,10.800245,14.729412
20210829T0000,17.570246,12.890245,15.298163
20210830T0000,19.470245,14.000245,16.198162
20210831T0000,20.870245,12.360246,16.48108
20210901T0000,24.290245,10.440246,16.811493
20210902T0000,25.600245,8.940246,17.104828
20210903T0000,26.910246,10.680245,18.643164
20210904T0000,27.200245,12.570246,19.649828
20210905T0000,27.350245,14.000245,20.082747
20210906T0000,27.830246,11.920245,19.819826
20210907T0000,27.190245,11.300245,19.095243
20210908T0000,27.950245,12.050245,19.965246
20210909T0000,25.550245,17.050245,20.616076
20210910T0000,22.920246,16.010246,18.696497
20210911T0000,23.200245,14.980246,18.797747
20210912T0000,24.350245,13.010245,18.216911
20210913T0000,26.880245,11.650246,18.87483
20210914T0000,26.800245,13.340245,20.240244
20210915T0000,21.820246,17.430244,19.54566
20210916T0000,21.320246,15.430245,18.66316
20210917T0000,22.290245,13.220245,17.171911
20210918T0000,23.030245,9.450245,16.020664
20210919T0000,15.130245,11.420245,13.118163
20210920T0000,17.600245,12.470245,14.720661
20210921T0000,19.180244,9.920245,14.1869135
20210922T0000,20.030245,7.5502453,13.091079
20210923T0000,22.080246,7.500245,13.933994
20210924T0000,23.560246,9.540245,15.341077
20210925T0000,25.040245,9.480246,17.223997
20210926T0000,21.870245,14.110246,17.520662
20210927T0000,21.960245,12.290245,17.246912
20210928T0000,18.870245,11.930245,15.191913
20210929T0000,18.530245,10.080245,14.210244
20210930T0000,17.110245,6.040245,11.306495
20211001T0000,21.620245,4.3402452,12.697745
20211002T0000,23.070246,11.830245,16.652328
20211003T0000,21.030245,12.470245,15.888995
20211004T0000,14.230246,10.670245,12.248994
20211005T0000,17.690245,11.330245,13.378995
20211006T0000,13.640245,9.530245,11.3223295
20211007T0000,14.880245,8.840245,11.425662
20211008T0000,17.210245,7.9302454,11.878161
20211009T0000,16.720245,6.4902453,10.650245
20211010T0000,14.750245,3.9902453,8.871912
20211011T0000,13.900246,1.5002453,7.800661
20211012T0000,13.180245,6.880245,9.99858
20211013T0000,12.350245,4.8302455,8.820662
20211014T0000,14.580245,1.0902455,7.235661
20211015T0000,15.760245,1.8902454,8.099411
20211016T0000,14.460245,2.6402454,7.969412
20211017T0000,14.240245,4.8102455,7.878162
20211018T0000,16.770245,4.3302455,9.022745
20211019T0000,18.260244,7.1202455,11.456077
20211020T0000,20.600245,7.4902453,15.266911
20211021T0000,17.950245,11.830245,14.573161
20211022T0000,11.950245,4.4802456,8.504412
20211023T0000,14.020246,2.0202456,6.742746
20211024T0000,15.160245,0.3002454,6.095245
20211025T0000,17.050245,3.1002455,8.920245
20211026T0000,15.570246,5.920245,10.671912
20211027T0000,14.400246,4.670245,8.197745
20211028T0000,15.050245,4.2302456,7.991079
20211029T0000,14.660245,3.7102456,7.587745
20211030T0000,11.390245,4.8902454,8.144411
20211031T0000,18.150246,10.0602455,13.071494
20211101T0000,13.230246,7.4702454,10.762746
20211102T0000,10.930245,4.4702454,7.846495
20211103T0000,9.180245,6.0602455,7.446911
20211104T0000,8.130245,6.040245,6.834412
20211105T0000,9.760245,3.1202455,7.038161
20211106T0000,8.980246,2.2602453,4.6239953
20211107T0000,10.160245,0.3302454,5.4127445
20211108T0000,10.780245,1.8402454,6.6535783
20211109T0000,9.520246,0.1202454,3.7444122
20211110T0000,8.920245,-0.16975462,3.8356621
20211111T0000,9.440246,0.7402454,4.166079
20211112T0000,8.790245,1.7602454,4.3139954
20211113T0000,9.660245,2.8502455,6.84358
20211114T0000,10.920245,7.4502454,9.102745
20211115T0000,9.0602455,6.6202455,7.893579
20211116T0000,6.940245,6.0702453,6.505245
20211117T0000,6.730245,5.440245,6.196495
20211118T0000,9.5602455,1.4602454,5.743995
20211119T0000,6.9502454,0.050245404,3.279829
20211120T0000,5.7202454,1.7002454,3.2094123
20211121T0000,5.860245,1.4202454,3.7535782
20211122T0000,6.980245,4.420245,5.800246
20211123T0000,6.1602454,1.1802454,4.0706625
20211124T0000,4.630245,0.040245414,1.7948288
20211125T0000,2.7702456,-0.9397546,0.9306621
20211126T0000,4.1202455,0.13024542,2.086079
20211127T0000,4.6802454,-0.40975457,2.7823286
20211128T0000,3.1502452,0.11024541,1.8177453
20211129T0000,3.8302455,1.1602454,2.242329
20211130T0000,3.9202452,1.7602454,2.6523287
20211201T0000,8.950245,4.2602453,7.0002446
20211202T0000,6.3502455,1.3402455,4.063579
20211203T0000,3.5902452,-1.7197546,1.5939955
20211204T0000,9.500245,2.9602456,6.7939954
20211205T0000,4.960245,0.1502454,3.266495
20211206T0000,4.360245,0.2502454,1.9160786
20211207T0000,6.7602453,2.2902455,3.646495
20211208T0000,5.400245,2.2502456,4.082745
20211209T0000,5.290245,0.4002454,3.2206624
20211210T0000,4.170245,-0.90975463,1.9235787
20211211T0000,4.2702456,1.3102454,3.1560786
20211212T0000,4.0802455,-0.46975458,1.7164956
20211213T0000,6.4302454,0.3702454,2.4769118
20211214T0000,5.480245,0.7302454,1.9985787
20211215T0000,4.790245,1.1702454,2.8802454
20211216T0000,6.0602455,2.0702453,3.5606616
20211217T0000,5.9902453,1.3902454,2.992329
20211218T0000,5.500245,-0.65975463,1.9394118
20211219T0000,2.2302454,-1.6297547,0.19732875
20211220T0000,4.0202456,-2.0497546,0.04524541
20211221T0000,0.5902454,-2.5597544,-0.9385045
20211222T0000,0.3202454,-3.8597546,-2.0268383
20211223T0000,5.460245,-3.4097548,1.6364952
20211224T0000,8.290245,4.0102453,6.013579
20211225T0000,8.270246,5.7002454,6.666496
20211226T0000,8.190246,5.4102454,6.8689957
20211227T0000,9.180245,4.380245,7.295246
20211228T0000,12.550245,8.240246,10.229412
20211229T0000,13.780245,8.360246,10.095662
20211230T0000,15.010245,10.700245,13.192329
20211231T0000,13.000245,6.0602455,9.139413
20220101T0000,12.100245,2.4402454,5.6219115
20220102T0000,12.5602455,2.3102455,7.6081624
20220103T0000,12.550245,11.150246,11.911494
20220104T0000,16.250246,5.670245,11.968997
20220105T0000,5.610245,0.84024537,3.3306625
20220106T0000,4.4802456,-1.4697546,1.9552456
20220107T0000,3.2702456,-2.0597544,0.94107866
20220108T0000,5.880245,2.6002455,4.240662
20220109T0000,6.2202454,1.6502454,3.9614952
20220110T0000,4.8302455,-0.51975465,2.0423286
20220111T0000,4.3202453,-1.7397546,0.82399553
20220112T0000,2.8202453,-3.6697545,-1.3443379
20220113T0000,3.3602452,-4.2597547,-1.6047546
20220114T0000,5.7802453,-4.1897545,-0.8935048
20220115T0000,3.7602453,-4.1297545,-1.1285046
20220116T0000,2.3102455,-2.3297548,-0.3560045
20220117T0000,5.9102454,-0.0697546,2.5335786
20220118T0000,6.0602455,0.5602454,2.392329
20220119T0000,3.6002455,-0.1397546,1.9444121
20220120T0000,5.2002454,-0.1997546,2.6406624
20220121T0000,3.6202455,-0.88975465,1.1852454
20220122T0000,5.5502453,-0.98975456,1.4494122
20220123T0000,5.9902453,-1.3397546,1.1464955
20220124T0000,5.3102455,-1.9297546,0.5581621
20220125T0000,5.6002455,-2.5797548,0.20524526
20220126T0000,2.7002454,-2.8297548,-0.80017114
20220127T0000,1.5902454,-3.8297548,-0.9885047
20220128T0000,5.650245,0.00024539232,2.5510786
20220129T0000,6.4302454,-0.77975464,3.1360786
20220130T0000,8.910245,0.5702454,5.6610794
20220131T0000,5.7002454,1.1302454,4.2989955
20220201T0000,4.9702454,2.6202455,3.4173288
20220202T0000,9.100245,5.3202453,7.7802434
20220203T0000,8.710245,3.7202454,6.545244
20220204T0000,8.010245,3.9602456,6.4452443
20220205T0000,8.0602455,0.5002454,3.713995
20220206T0000,7.7802453,1.4102454,5.2477455
20220207T0000,8.490246,-1.6897546,4.4431624
20220208T0000,10.820246,-1.4897546,3.4960787
20220209T0000,12.770246,-1.5997547,3.5764954
20220210T0000,10.690246,0.4402454,6.1531615
20220211T0000,8.030246,-1.8697547,4.843162
20220212T0000,6.1202455,-3.0597544,0.6381622
20220213T0000,11.800245,-1.3997546,3.6319122
20220214T0000,7.540245,0.4802454,4.3244123
20220215T0000,7.980245,3.9102454,5.871079
20220216T0000,11.240245,5.540245,8.205245
20220217T0000,12.910245,8.460245,11.628578
20220218T0000,15.270246,7.420245,10.892745
20220219T0000,9.140245,4.110245,6.4927444
20220220T0000,10.420245,5.790245,8.336495
20220221T0000,10.360246,4.9102454,6.9427457
20220222T0000,9.460245,5.420245,7.5431614
20220223T0000,12.290245,2.9602456,8.07483
20220224T0000,12.570246,2.2202454,7.323162
20220225T0000,7.500245,0.97024536,4.161079
20220226T0000,8.260245,-0.23975462,3.3552458
20220227T0000,10.030245,-2.0597544,2.9464953
20220228T0000,9.800245,-3.2497544,2.3889954
20220301T0000,9.760245,-3.3797545,2.261912
20220302T0000,10.230246,-2.7897544,3.4456618
20220303T0000,12.940246,-1.7197546,4.7789955
20220304T0000,10.5602455,-2.7997546,2.9381618
20220305T0000,8.320246,-3.3297548,1.6739956
20220306T0000,7.4102454,-3.1397548,1.2360787
20220307T0000,7.290245,-4.0097547,0.82857865
20220308T0000,9.0602455,-4.2997546,1.4827453
20220309T0000,13.500245,-4.4397545,3.6331618
20220310T0000,14.800245,-1.9997545,5.308579
20220311T0000,13.900246,-1.3697546,5.897745
20220312T0000,14.570246,3.7602453,8.359828
20220313T0000,16.480246,2.0202456,9.236496
20220314T0000,14.690246,5.1602454,9.223579
20220315T0000,10.800245,6.2402453,8.135662
20220316T0000,14.340245,5.500245,9.058162
20220317T0000,14.670245,6.230245,9.955245
20220318T0000,13.120245,7.6602454,10.008996
20220319T0000,14.370245,4.4302454,9.103579
20220320T0000,17.760244,2.8402452,8.984411
20220321T0000,17.400246,1.8102454,9.398579
20220322T0000,17.340246,1.3102454,8.906912
20220323T0000,18.460245,1.1802454,9.391078
20220324T0000,19.470245,0.6102454,9.664412
20220325T0000,19.600245,1.5202454,10.538162
20220326T0000,20.200245,3.3702455,11.273994
20220327T0000,20.120245,2.8202453,11.210662
20220328T0000,21.370245,2.8002453,11.743995
20220329T0000,18.870245,6.1802454,12.539411
20220330T0000,13.0602455,8.150246,11.017745
20220331T0000,10.570246,6.0502453,8.248163
20220401T0000,5.6602454,0.14024541,2.9239953
20220402T0000,2.6602454,0.050245404,1.1660787
20220403T0000,4.150245,0.2902454,2.1131623
20220404T0000,8.490246,-1.5797547,4.1460786
20220405T0000,11.370245,5.3002453,8.223996
20220406T0000,14.210245,9.120245,11.678162
20220407T0000,12.440246,10.050245,11.302329
20220408T0000,13.270246,8.8102455,11.250245
20220409T0000,8.750245,3.1902456,5.688579
20220410T0000,11.970245,0.88024545,5.9881616
20220411T0000,17.520245,1.1402454,9.433995
20220412T0000,22.050245,4.980245,14.052745
20220413T0000,23.030245,9.200245,16.740246
20220414T0000,21.800245,11.270246,16.35233
20220415T0000,21.190245,11.740245,16.071495
20220416T0000,16.910246,6.860245,12.07108
20220417T0000,18.370245,3.4102454,10.709412
20220418T0000,18.490246,1.6902454,10.465244
20220419T0000,18.950245,2.0302453,11.153995
20220420T0000,18.140245,5.110245,11.489829
20220421T0000,19.200245,2.3902454,11.265662
20220422T0000,18.790245,5.0902452,11.977328
20220423T0000,14.620245,8.450246,11.53066
20220424T0000,11.300245,7.8102455,9.8919115
20220425T0000,13.870245,9.650246,11.523162
20220426T0000,14.200245,8.520246,10.930661
20220427T0000,17.620245,3.7402453,10.647744
20220428T0000,20.840246,4.4402456,12.771912
20220429T0000,19.060246,4.2602453,12.931079
20220430T0000,15.500245,7.610245,12.000664
20220501T0000,16.350246,5.7402453,10.726497
20220502T0000,19.040245,4.4302454,12.663994
20220503T0000,20.240246,7.5702453,14.168998
20220504T0000,19.330246,7.7602453,13.941078
20220505T0000,13.070246,10.930245,12.226079
20220506T0000,17.030245,10.990245,13.40858
20220507T0000,20.260244,9.190246,14.960244
20220508T0000,19.900246,8.900246,15.393161
20220509T0000,23.400246,11.520246,17.118578
20220510T0000,25.180244,11.110246,18.52608
20220511T0000,27.940245,12.480246,20.889828
20220512T0000,25.440245,16.120245,20.268995
20220513T0000,21.680244,15.700245,18.256912
20220514T0000,24.360245,11.730246,17.740664
20220515T0000,27.680244,9.850245,19.509829
20220516T0000,24.260244,14.480246,19.28608
20220517T0000,26.840246,12.340245,19.852743
20220518T0000,29.130245,13.210245,21.782745
20220519T0000,28.560246,15.170245,22.594414
20220520T0000,31.360245,16.980246,24.405245
20220521T0000,24.470245,13.780245,20.074411
20220522T0000,24.510244,11.910245,18.533579
20220523T0000,24.890245,15.260245,19.49941
20220524T0000,18.740246,12.650246,16.052328
20220525T0000,22.170246,12.200245,17.090246
20220526T0000,21.370245,11.580245,16.787329
20220527T0000,22.090246,10.910245,16.808996
20220528T0000,19.730246,10.880245,15.345664
20220529T0000,17.630245,8.680245,13.212327
20220530T0000,21.190245,6.670245,14.551076
20220531T0000,22.420246,9.400246,16.541914
20220601T0000,21.870245,11.0602455,17.408579
20220602T0000,24.570246,13.110246,18.947746
20220603T0000,24.120245,13.960245,19.618996
20220604T0000,29.320246,16.830246,22.667742
20220605T0000,24.560246,15.630245,19.995245
20220606T0000,23.400246,13.860246,19.085245
20220607T0000,20.230246,13.500245,17.473164
20220608T0000,22.060246,11.350245,16.360245
20220609T0000,18.690245,11.770246,15.875245
20220610T0000,24.800245,8.400246,17.516493
20220611T0000,28.410246,11.430245,20.63733
20220612T0000,30.760244,12.620245,22.341078
20220613T0000,25.690245,13.630245,20.811495
20220614T0000,28.930244,12.020246,20.886911
20220615T0000,32.470245,14.800245,24.268578
20220616T0000,31.950245,19.220245,25.546911
20220617T0000,32.170246,15.880245,24.6715
20220618T0000,36.580246,15.970245,27.179825
20220619T0000,37.640247,20.400246,29.127748
20220620T0000,32.440247,19.540245,26.46274
20220621T0000,33.730247,17.170246,24.828165
20220622T0000,26.690245,17.620245,21.859413
20220623T0000,30.320246,17.120245,22.644827
20220624T0000,22.880245,15.660245,18.787329
20220625T0000,27.520245,14.150246,21.220661
20220626T0000,27.320246,16.670246,21.681496
20220627T0000,22.400246,15.040245,19.147745
20220628T0000,23.410246,13.690246,19.47358
20220629T0000,27.670246,16.300245,21.960245
20220630T0000,30.120245,14.440246,21.497747
20220701T0000,21.950245,13.850245,17.324831
20220702T0000,27.770245,11.280245,20.103579
20220703T0000,30.980246,14.000245,23.683998
20220704T0000,25.660246,18.640245,22.158997
20220705T0000,28.050245,16.130245,22.266077
20220706T0000,26.370245,14.620245,20.498579
20220707T0000,24.070246,12.870245,19.17108
20220708T0000,25.290245,14.670245,19.684826
20220709T0000,28.140245,11.740245,20.923164
20220710T0000,25.220245,15.440246,20.302328
20220711T0000,28.520245,12.160245,21.061913
20220712T0000,30.150246,15.300245,22.841078
20220713T0000,33.480247,14.180245,25.46608
20220714T0000,35.79025,20.690245,28.433578
20220715T0000,29.570246,17.100245,23.51316
20220716T0000,28.690245,14.150246,22.189413
20220717T0000,31.750246,14.100245,23.55816
20220718T0000,35.350246,14.570246,25.816498
20220719T0000,36.93025,16.600245,27.741076
20220720T0000,33.510246,19.820246,25.797327
20220721T0000,29.280245,18.030245,23.26816
20220722T0000,33.230247,15.840245,25.104414
20220723T0000,29.260244,19.220245,23.816076
20220724T0000,32.290245,18.280245,25.258995
20220725T0000,34.710247,18.300245,27.092745
20220726T0000,27.310246,19.880245,23.621912
20220727T0000,26.870245,16.980246,21.953163
20220728T0000,30.860245,15.020246,23.263994
20220729T0000,26.960245,18.290245,22.493162
20220730T0000,29.160246,15.430245,23.288992
20220731T0000,31.810246,15.670245,24.750662
20220801T0000,31.380245,15.570246,23.956915
20220802T0000,31.070246,17.200245,23.769411
20220803T0000,34.760246,15.760245,26.48108
20220804T0000,37.38025,19.620245,28.944
20220805T0000,33.460247,20.360245,26.693163
20220806T0000,25.540245,17.530245,21.19441
20220807T0000,27.360245,15.010245,21.263994
20220808T0000,30.380245,13.890245,22.719414
20220809T0000,31.360245,14.270246,23.37483
20220810T0000,30.980246,15.330245,23.457747
20220811T0000,31.220245,14.230246,23.145662
20220812T0000,30.620245,14.580245,23.025246
20220813T0000,31.100245,13.8102455,22.653994
20220814T0000,27.590246,13.830245,21.651077
20220815T0000,24.950245,15.890245,20.484827
20220816T0000,30.560246,15.190246,22.669828
20220817T0000,28.940245,18.060246,22.485245
20220818T0000,21.450245,17.340246,19.219414
20220819T0000,22.870245,17.860245,20.044828
20220820T0000,24.310246,15.000245,20.116913
20220821T0000,26.280245,13.990245,19.965246
20220822T0000,27.350245,14.660245,20.79441
20220823T0000,28.800245,13.760245,21.608994
20220824T0000,30.400246,13.540245,22.225662
20220825T0000,30.560246,14.670245,22.640661
20220826T0000,28.130245,15.710245,21.43441
20220827T0000,24.430244,17.260244,20.360249
20220828T0000,26.050245,16.220245,20.560246
20220829T0000,28.430244,14.240245,21.316914
20220830T0000,28.460245,14.730246,21.13608
20220831T0000,23.650246,15.950245,19.63858
20220901T0000,24.640245,14.030245,18.592745
20220902T0000,24.650246,11.400246,17.721079
20220903T0000,22.630245,15.740245,18.36483
20220904T0000,27.020245,13.290245,19.754412
20220905T0000,28.520245,13.950245,20.778578
20220906T0000,23.230246,17.000246,20.127745
20220907T0000,26.110245,16.410246,20.570662
20220908T0000,23.010244,15.640245,18.442327
20220909T0000,21.760244,15.200245,17.787329
20220910T0000,19.010244,14.300245,16.409412
20220911T0000,22.390245,12.110246,17.021078
20220912T0000,25.070246,10.130245,16.94691
20220913T0000,27.670246,12.790245,20.568996
20220914T0000,23.580246,18.380245,20.98733
20220915T0000,19.190245,14.410245,17.615248
20220916T0000,16.710245,11.670245,14.691079
20220917T0000,14.530245,9.520246,11.675662
20220918T0000,16.510246,7.9102454,12.64858
20220919T0000,16.870245,9.580245,13.183162
20220920T0000,16.720245,6.4902453,11.590244
20220921T0000,18.450245,5.0702453,11.459828
20220922T0000,18.910246,4.4502454,11.408994
20220923T0000,20.500246,5.5502453,13.299829
20220924T0000,17.700245,10.520246,14.4144125
20220925T0000,15.890245,10.180245,12.703994
20220926T0000,15.300245,10.490245,12.74191
20220927T0000,12.330245,10.020246,11.061078
20220928T0000,12.080245,9.070246,11.019412
20220929T0000,12.540245,9.240245,10.552745
20220930T0000,15.220245,7.5102453,11.280246
20221001T0000,14.420245,7.7802453,11.87608
20221002T0000,19.250246,14.410245,16.475245
20221003T0000,16.560246,8.220245,12.761913
20221004T0000,19.500246,7.480245,12.076912
20221005T0000,23.320246,8.670245,14.931911
20221006T0000,18.630245,11.790245,14.539828
20221007T0000,20.630245,10.870245,15.030662
20221008T0000,17.410246,10.380245,14.071912
20221009T0000,17.130245,6.9902453,11.943162
20221010T0000,22.190245,10.690246,15.963164
20221011T0000,18.160246,11.430245,14.453162
20221012T0000,18.200245,11.420245,14.192328
20221013T0000,17.750246,10.110246,13.743577
20221014T0000,17.520245,12.650246,15.050244
20221015T0000,19.670246,14.390245,16.953165
20221016T0000,23.430244,12.840245,16.753164
20221017T0000,23.400246,11.180245,15.941493
20221018T0000,22.770245,12.920245,16.653162
20221019T0000,19.090246,11.460245,14.715245
20221020T0000,17.780245,13.260245,15.263995
20221021T0000,17.640245,14.240245,15.512329
20221022T0000,20.690245,12.120245,15.431911
20221023T0000,19.200245,10.730246,15.135662
20221024T0000,17.440245,11.700245,15.400246
20221025T0000,18.680244,10.820246,14.146493
20221026T0000,21.760244,11.640245,15.634411
20221027T0000,21.150246,10.740245,14.485245
20221028T0000,22.970245,12.860246,16.149828
20221029T0000,22.270245,11.260245,15.3414955
20221030T0000,21.630245,10.230246,14.053581
20221031T0000,18.700245,8.910245,12.723577
20221101T0000,16.640245,8.260245,13.471078
20221102T0000,16.060246,6.8002453,11.286078
20221103T0000,12.770246,5.5902452,9.520662
20221104T0000,11.050245,7.900245,9.454828
20221105T0000,10.650246,2.9702454,7.914413
20221106T0000,10.340245,2.8002453,6.520662
20221107T0000,16.380245,5.520245,10.121911
20221108T0000,16.540245,4.960245,9.743996
20221109T0000,13.5602455,10.410245,11.842744
20221110T0000,14.010245,5.6202455,9.749828
20221111T0000,12.070246,4.900245,7.7814956
20221112T0000,9.700245,5.4502454,7.1302447
20221113T0000,7.420245,4.2002454,5.527745
20221114T0000,12.870245,4.1602454,8.464412
20221115T0000,12.230246,7.900245,10.1660795
20221116T0000,14.020246,7.2402453,10.48358
20221117T0000,14.390245,9.330245,11.909411
20221118T0000,9.970245,7.0902452,8.756495
20221119T0000,9.790245,5.610245,7.5648274
20221120T0000,8.970245,5.3402452,6.9364963
20221121T0000,9.670245,6.7802453,7.6935782
20221122T0000,8.910245,6.1202455,7.418161
20221123T0000,10.220245,1.7802454,6.7231617
20221124T0000,11.140245,3.5702453,7.6473293
20221125T0000,10.500245,4.3502455,6.665245
20221126T0000,8.570246,2.8302455,5.317329
20221127T0000,7.4902453,1.6302454,4.3202457
20221128T0000,8.870245,4.360245,6.865246
20221129T0000,9.180245,6.4502454,7.596495
20221130T0000,7.730245,5.000245,6.533995
20221201T0000,5.5102453,3.7602453,4.4781613
20221202T0000,4.9102454,1.8102454,3.6127455
20221203T0000,3.4702454,1.4002454,2.1214955
20221204T0000,3.1002455,0.8002454,2.1402452
20221205T0000,6.210245,0.1802454,3.2635782
20221206T0000,4.4602456,-0.4597546,1.9660788
20221207T0000,4.9302454,0.8502454,3.0760784
20221208T0000,3.5102453,-1.9497546,0.8589955
20221209T0000,1.2402453,-1.4197546,-0.075587966
20221210T0000,0.9902454,-2.2797546,0.25399542
20221211T0000,-0.52975464,-7.1297545,-3.256838
20221212T0000,-2.1597548,-7.099755,-5.183504
20221213T0000,-1.8897547,-7.1997547,-4.111005
20221214T0000,2.3202453,-2.3797545,0.116078794
20221215T0000,1.1902454,-0.48975456,0.40857878
20221216T0000,-0.4397546,-3.3597546,-1.628088
20221217T0000,-0.9197546,-5.3797545,-3.6339207
20221218T0000,0.7002454,-4.329755,-2.0685048
20221219T0000,6.2002454,-0.09975457,2.237745
20221220T0000,9.150246,1.8202454,5.2639956
20221221T0000,11.200245,7.710245,9.48816
20221222T0000,12.570246,10.860246,11.788579
20221223T0000,14.330245,12.330245,13.354411
20221224T0000,12.730246,9.190246,10.767745
20221225T0000,11.280245,6.8202453,9.026495
20221226T0000,11.510245,8.290245,10.380245
20221227T0000,8.690246,2.6702452,5.7614956
20221228T0000,10.640245,2.8102455,6.8785787
20221229T0000,13.290245,9.360246,11.679829
20221230T0000,14.720245,4.3902454,9.342329
20221231T0000,16.970245,12.270246,14.379411
20230101T0000,17.230246,8.570246,12.037746
20230102T0000,14.500245,7.420245,10.156078
20230103T0000,9.970245,3.1502452,6.6402454
20230104T0000,10.860246,4.5002456,8.281495
20230105T0000,12.410245,7.7202454,10.683162
20230106T0000,10.500245,6.860245,8.703161
20230107T0000,11.090245,4.8302455,7.353996
20230108T0000,9.050245,4.150245,7.286913
20230109T0000,9.050245,4.8502455,6.472328
20230110T0000,7.520245,4.7802453,6.097328
20230111T0000,9.890245,7.440245,8.641078
20230112T0000,10.720245,7.380245,9.1973295
20230113T0000,10.510245,6.940245,8.983995
20230114T0000,11.300245,6.3202453,8.923579
20230115T0000,12.240245,4.2702456,7.3848286
20230116T0000,6.8302455,3.3902454,4.831496
20230117T0000,3.3702455,0.7902454,1.7931622
20230118T0000,2.2602453,-1.0097545,1.1656619
20230119T0000,1.8202454,-3.709755,-1.2468379
20230120T0000,1.9902455,-3.5997548,-1.1505878
20230121T0000,1.0702454,-4.519755,-1.3643379
20230122T0000,1.7402455,-0.72975457,0.48941207
20230123T0000,3.5302453,0.4802454,1.983579
20230124T0000,5.040245,2.5902452,3.6835787
20230125T0000,3.6002455,1.8802454,2.8664954
20230126T0000,1.4702454,-0.90975463,0.33732876
20230127T0000,1.4702454,-1.0897546,0.10649541
20230128T0000,2.9202452,-0.10975462,1.3781619
20230129T0000,2.5502453,-2.7297544,0.5256621
20230130T0000,3.2302456,-3.1397548,0.49816218
20230131T0000,5.150245,-0.4297546,2.9573288
20230201T0000,6.770245,2.9202452,4.9931617
20230202T0000,7.3902454,4.980245,6.0631623
20230203T0000,8.400246,5.270245,6.787746
20230204T0000,8.840245,2.0602455,6.110662
20230205T0000,5.5702453,0.35024542,3.1469119
20230206T0000,4.9902453,0.6702454,3.3064954
20230207T0000,4.8002453,-3.1597548,0.20191205
20230208T0000,3.1202455,-4.4497547,-1.3735045
20230209T0000,6.0302453,-6.119755,-1.1564213
20230210T0000,6.3702455,-5.789755,-0.73933786
20230211T0000,8.300245,-5.1097546,0.19316214
20230212T0000,10.200245,-3.1097546,2.3327456
20230213T0000,9.100245,-0.5897546,2.8694122
20230214T0000,9.260245,-1.1697546,2.1289957
20230215T0000,11.370245,-1.4397546,2.597329
20230216T0000,13.820246,-0.97975457,5.860245
20230217T0000,13.390245,7.7002454,10.747327
20230218T0000,15.0602455,10.190246,12.053996
20230219T0000,11.240245,6.920245,9.566911
20230220T0000,15.650246,2.3002453,7.982746
20230221T0000,16.640245,0.5402454,7.0435786
20230222T0000,13.230246,1.7502455,7.7302456
20230223T0000,13.830245,4.5702453,9.440661
20230224T0000,13.380245,3.7902455,8.398162
20230225T0000,7.3302455,1.7502455,4.8444123
20230226T0000,1.9202454,-1.0497546,0.8031621
20230227T0000,2.8602452,-0.2697546,1.2077454
20230228T0000,2.8302455,-1.4297546,0.29816216
20230301T0000,4.980245,-1.8297547,1.4156619
20230302T0000,6.3202453,0.7402454,2.814412
20230303T0000,8.380245,0.00024539232,3.766079
20230304T0000,8.210245,-0.5497546,3.2194118
20230305T0000,6.8902454,0.19024539,3.168162
20230306T0000,6.1202455,-0.03975457,3.1352453
20230307T0000,7.190245,0.7802454,4.0352454
20230308T0000,12.870245,1.7202454,8.258162
20230309T0000,15.900246,9.430245,12.215245
20230310T0000,11.220245,5.0302453,8.998161
20230311T0000,6.500245,1.6502454,4.1435785
20230312T0000,13.250245,3.9402456,8.571912
20230313T0000,21.620245,9.570246,14.953576
20230314T0000,11.170245,5.130245,8.928995
20230315T0000,9.350245,0.5302454,4.9698286
20230316T0000,13.420245,-0.60975456,5.693995
20230317T0000,17.380245,1.7002454,9.973163
20230318T0000,17.730246,3.9302454,11.531495
20230319T0000,13.740245,7.3702455,10.675246
20230320T0000,13.740245,4.4502454,9.260662
20230321T0000,16.130245,2.6702452,9.6731615
20230322T0000,19.290245,5.380245,12.498162
20230323T0000,16.550245,11.620245,14.1714945
20230324T0000,14.640245,9.680245,12.376494
20230325T0000,12.590245,7.2402453,9.788163
20230326T0000,12.600245,6.3402452,8.788161
20230327T0000,7.3002453,2.0602455,5.6006618
20230328T0000,11.040245,-1.8497547,5.9881625
20230329T0000,19.710245,8.000245,13.428578
20230330T0000,16.670246,12.290245,14.045663
20230331T0000,14.550245,8.800245,11.880245
20230401T0000,11.330245,7.8202453,9.194828
20230402T0000,12.020246,7.0802455,9.174413
20230403T0000,8.210245,2.3802454,5.915663
20230404T0000,9.760245,-1.2797546,4.1148286
20230405T0000,10.770246,-0.9197546,4.627329
20230406T0000,12.820246,-2.0797548,6.947329
20230407T0000,9.370245,5.5702453,7.1677456
20230408T0000,12.030245,5.3202453,8.644412
20230409T0000,15.340245,2.8502455,8.983162
20230410T0000,17.500246,2.3702455,11.138579
20230411T0000,14.520246,8.780245,11.550244
20230412T0000,13.800245,7.170245,10.210662
20230413T0000,9.670245,4.4702454,7.458162
20230414T0000,14.190246,2.1202455,8.230662
20230415T0000,12.780245,4.4502454,8.987745
20230416T0000,10.170245,7.9902453,8.844412
20230417T0000,13.820246,7.610245,10.146497
20230418T0000,15.760245,7.150245,10.628994
20230419T0000,13.490245,6.4502454,10.180661
20230420T0000,9.280245,4.5002456,6.993995
20230421T0000,13.300245,2.6302452,8.479411
20230422T0000,18.550245,6.5102453,12.73733
20230423T0000,19.450245,9.750245,13.498996
20230424T0000,13.020246,8.920245,10.856912
20230425T0000,11.320246,6.290245,8.608995
20230426T0000,15.040245,3.8002453,9.568995
20230427T0000,19.050245,8.3102455,13.588581
20230428T0000,18.740246,12.000245,15.360663
20230429T0000,19.670246,11.230246,15.375664
20230430T0000,18.190245,9.3102455,14.11441
20230501T0000,16.100246,10.210245,13.340244
20230502T0000,17.060246,8.910245,12.885245
20230503T0000,20.630245,6.110245,13.361076
20230504T0000,24.540245,7.4702454,16.383995
20230505T0000,22.460245,13.860246,17.21233
20230506T0000,22.590246,12.440246,16.982744
20230507T0000,20.320246,11.530245,15.801911
20230508T0000,19.160246,14.160245,16.29858
20230509T0000,20.270245,12.130245,15.58691
20230510T0000,15.470245,11.590245,13.58941
20230511T0000,14.610246,10.620245,12.467746
20230512T0000,16.810246,10.510245,13.477328
20230513T0000,15.730246,11.050245,13.428996
20230514T0000,17.210245,10.050245,13.11483
20230515T0000,17.070246,9.660245,13.157745
20230516T0000,12.430245,9.630245,11.475662
20230517T0000,14.760245,7.520245,11.221496
20230518T0000,16.580246,5.8202453,12.219827
20230519T0000,16.360247,9.320246,13.554413
20230520T0000,18.780245,11.830245,15.25233
20230521T0000,24.410246,12.220245,18.15983
20230522T0000,26.090246,13.980246,19.96816
20230523T0000,21.390245,14.600245,18.21066
20230524T0000,16.740246,10.470245,13.830246
20230525T0000,20.640245,9.820246,15.388995
20230526T0000,24.250246,10.700245,17.912329
20230527T0000,25.860245,11.180245,18.707743
20230528T0000,26.140245,10.390245,18.825663
20230529T0000,26.910246,10.110246,19.314827
20230530T0000,25.610245,11.890245,19.238993
20230531T0000,26.990246,12.250245,19.758993
20230601T0000,27.310246,11.660245,20.31566
20230602T0000,26.290245,14.450245,20.111494
20230603T0000,26.780245,12.240245,20.068161
20230604T0000,26.700245,12.840245,19.568165
20230605T0000,27.210245,11.820246,20.510662
20230606T0000,27.190245,12.360246,20.765245
20230607T0000,27.410246,12.700245,20.488997
20230608T0000,28.320246,12.690246,20.992744
20230609T0000,29.600245,13.270246,22.268164
20230610T0000,29.560246,15.570246,23.356497
20230611T0000,29.630245,16.380245,23.550665
20230612T0000,29.810246,14.140245,23.06733
20230613T0000,28.490246,13.630245,21.41108
20230614T0000,27.850245,10.720245,20.875244
20230615T0000,27.690245,13.880245,21.235247
20230616T0000,28.270245,13.5602455,22.048578
20230617T0000,29.980246,11.790245,22.598997
20230618T0000,31.300245,15.240245,23.71691
20230619T0000,30.490246,19.390245,24.574411
20230620T0000,32.320248,19.090246,24.676079
20230621T0000,27.750246,20.120245,23.257746
20230622T0000,29.430244,18.310246,22.371912
20230623T0000,25.960245,17.220245,21.162746
20230624T0000,28.920246,13.080245,22.024412
20230625T0000,31.290245,13.520246,23.456495
20230626T0000,30.340246,17.060246,23.904413
20230627T0000,25.740246,15.630245,20.570244
20230628T0000,27.560246,14.680245,20.96066
20230629T0000,28.130245,14.860246,22.76358
20230630T0000,20.890245,17.020245,19.411077
20230701T0000,23.120245,15.830245,19.341911
20230702T0000,24.670246,16.870245,20.368578
20230703T0000,24.360245,16.640245,20.583992
20230704T0000,26.030245,16.920246,21.612741
20230705T0000,23.410246,17.520245,20.044828
20230706T0000,27.540245,13.980246,20.814829
20230707T0000,32.560246,13.100245,23.802748
20230708T0000,31.450245,19.660246,24.362741
20230709T0000,35.510246,18.010244,27.427744
20230710T0000,32.150246,21.350245,26.216913
20230711T0000,36.150246,19.680244,27.513163
20230712T0000,26.920246,19.590246,23.318163
20230713T0000,26.700245,16.630245,21.90566
20230714T0000,30.900246,13.550245,22.642746
20230715T0000,32.990246,17.840246,25.449408
20230716T0000,25.050245,16.970245,20.733994
20230717T0000,26.930244,18.890245,22.74566
20230718T0000,27.540245,15.950245,22.256498
20230719T0000,29.590246,19.880245,24.682327
20230720T0000,27.080246,16.990246,22.281914
20230721T0000,24.240246,15.440246,20.118162
20230722T0000,27.160246,13.700245,21.210663
20230723T0000,28.890245,14.260245,22.398163
20230724T0000,23.390245,17.740246,20.258581
20230725T0000,20.710245,14.320246,17.608164
20230726T0000,20.580246,12.670245,16.20983
20230727T0000,25.820246,12.350245,19.253996
20230728T0000,25.320246,16.550245,20.747332
20230729T0000,26.050245,17.820246,21.036081
20230730T0000,24.400246,14.910245,20.285662
20230731T0000,25.330246,12.580245,19.810244
20230801T0000,21.450245,15.550245,19.237745
20230802T0000,27.630245,15.180245,20.96816
20230803T0000,23.210245,15.200245,19.720245
20230804T0000,19.690245,14.830245,17.291912
20230805T0000,22.560246,13.850245,18.041079
20230806T0000,17.400246,13.630245,15.129829
20230807T0000,19.370245,11.720245,15.161912
20230808T0000,22.690245,9.080245,16.908995
20230809T0000,23.950245,14.550245,19.067745
20230810T0000,28.430244,13.530245,21.135658
20230811T0000,31.960245,14.080245,23.43191
20230812T0000,28.960245,18.780245,23.780243
20230813T0000,29.670246,19.370245,23.951498
20230814T0000,31.200245,19.620245,25.37233
20230815T0000,30.750246,19.930244,24.833998
20230816T0000,32.450245,17.450245,24.743158
20230817T0000,29.850245,18.320246,23.941496
20230818T0000,34.440247,17.570246,25.529413
20230819T0000,34.68025,18.580246,26.698992
20230820T0000,34.660248,19.310246,27.033579
20230821T0000,35.280247,21.500246,28.021498
20230822T0000,35.190247,20.840246,27.767326
20230823T0000,33.850246,21.300245,26.836912
20230824T0000,35.900246,19.540245,26.333578
20230825T0000,26.840246,20.270245,23.069826
20230826T0000,20.790245,17.180244,19.20858
20230827T0000,19.390245,15.260245,17.139412
20230828T0000,16.000246,12.880245,14.41233
20230829T0000,16.620245,12.370245,14.586913
20230830T0000,20.790245,11.850245,16.351494
20230831T0000,19.980246,13.820246,17.018991
20230901T0000,25.760244,15.550245,19.956913
20230902T0000,28.960245,13.540245,20.849413
20230903T0000,28.280245,14.230246,21.100246
20230904T0000,30.360245,14.700245,22.124413
20230905T0000,30.080246,14.970245,22.245245
20230906T0000,29.550245,13.610246,21.596495
20230907T0000,30.870245,15.590245,22.943163
20230908T0000,31.820246,16.140245,23.927328
20230909T0000,32.190247,16.980246,24.248163
20230910T0000,32.84025,16.590246,24.024414
20230911T0000,33.27025,15.900246,24.239828
20230912T0000,31.630245,17.400246,24.082329
20230913T0000,23.400246,17.860245,19.95066
20230914T0000,24.170246,15.710245,19.488995
20230915T0000,26.240246,14.930245,19.786493
20230916T0000,27.270245,14.740245,20.770662
20230917T0000,29.660246,16.400246,22.345663
20230918T0000,22.670246,18.090246,19.609827
20230919T0000,23.480246,13.720245,19.096079
20230920T0000,26.460245,10.920245,18.373163
20230921T0000,25.090246,14.370245,19.362331
20230922T0000,20.220245,12.680245,15.756495
20230923T0000,18.200245,10.230246,13.906077
20230924T0000,20.640245,8.690246,13.6781645
20230925T0000,22.010244,7.0802455,14.036079
20230926T0000,24.200245,8.360246,15.061078
20230927T0000,24.980246,8.980246,16.001911
20230928T0000,27.120245,11.650246,18.395243
20230929T0000,26.030245,11.910245,18.733162
20230930T0000,22.350245,12.650246,17.465246
20231001T0000,25.220245,9.100245,16.797327
20231002T0000,27.850245,10.640245,18.138163
20231003T0000,25.610245,13.190246,18.369827
20231004T0000,19.920246,9.690246,14.619414
20231005T0000,19.620245,8.150246,13.091079
20231006T0000,21.760244,5.690245,12.861496
20231007T0000,24.240246,5.9902453,13.943165
20231008T0000,27.040245,9.170245,16.79608
20231009T0000,26.820246,11.120245,18.156076
20231010T0000,26.010244,11.100245,17.12983
20231011T0000,26.490246,9.680245,17.33608
20231012T0000,26.470245,12.380245,18.682325
20231013T0000,28.120245,12.050245,20.153162
20231014T0000,22.030245,10.270246,15.990246
20231015T0000,13.3102455,5.0602455,10.143578
20231016T0000,14.510245,2.6502452,7.758995
20231017T0000,15.250245,3.5302453,8.494828
20231018T0000,13.250245,7.2802453,10.621079
20231019T0000,16.810246,11.860246,14.2773285
20231020T0000,15.840245,12.950245,14.616494
20231021T0000,18.000246,10.300245,14.374828
20231022T0000,16.970245,8.330246,11.761912
20231023T0000,14.030245,6.8002453,10.124413
20231024T0000,14.120245,9.430245,11.668995
20231025T0000,15.150246,8.440246,12.252328
20231026T0000,16.170246,10.570246,12.875245
20231027T0000,14.580245,10.300245,11.898579
20231028T0000,16.320246,10.710245,13.012328
20231029T0000,16.910246,9.600245,12.981496
20231030T0000,14.690246,8.250245,11.674413
20231031T0000,13.410245,9.670245,11.42233
20231101T0000,13.780245,6.3202453,9.828578
20231102T0000,11.040245,6.500245,9.228162
20231103T0000,10.030245,6.0302453,7.871078
20231104T0000,11.840245,7.020245,9.043578
20231105T0000,12.960245,10.680245,11.759828
20231106T0000,12.830245,8.330246,10.674412
20231107T0000,10.150246,5.1602454,8.181911
20231108T0000,12.380245,3.6902456,7.207745
20231109T0000,10.380245,3.7702456,7.975662
20231110T0000,10.670245,7.960245,9.061079
20231111T0000,8.660245,4.130245,7.162745
20231112T0000,11.380245,2.1402454,6.1202455
20231113T0000,16.180246,11.8102455,14.405247
20231114T0000,15.080245,10.360246,11.958579
20231115T0000,11.650246,7.1602454,10.136495
20231116T0000,12.210245,5.230245,8.649829
20231117T0000,9.050245,4.8902454,7.3269124
20231118T0000,9.620245,3.2702456,6.442745
20231119T0000,14.790245,10.280245,12.946495
20231120T0000,12.870245,9.370245,11.129413
20231121T0000,9.890245,7.4502454,8.481495
20231122T0000,7.290245,1.3602455,4.5706615
20231123T0000,7.860245,0.23024541,4.004829
20231124T0000,8.990245,4.0602455,6.8923287
20231125T0000,5.130245,1.9902455,3.5006616
20231126T0000,5.3402452,0.100245416,3.1535788
20231127T0000,5.6002455,0.5702454,3.3239949
20231128T0000,6.5802455,1.1602454,4.111495
20231129T0000,5.8702455,0.1202454,1.9914951
20231130T0000,2.9802456,0.9802454,2.0998285
20231201T0000,3.3102455,1.4402454,2.5689955
20231202T0000,1.4102454,-1.1797546,-0.051837947
20231203T0000,0.7302454,-5.1997547,-2.4855878
20231204T0000,3.1902456,-3.8397546,-0.28308776
20231205T0000,6.9702454,4.110245,5.426912
20231206T0000,6.0802455,2.2102454,4.662745
20231207T0000,3.5602455,0.100245416,1.6931621
20231208T0000,7.6602454,2.1702454,5.5644116
20231209T0000,10.330245,6.0802455,7.8202457
20231210T0000,11.470245,8.620245,9.855663
20231211T0000,12.090245,9.320246,11.240663
20231212T0000,13.500245,9.070246,11.122329
20231213T0000,10.010245,6.8402452,8.594412
20231214T0000,8.770246,5.190245,7.230245
20231215T0000,8.260245,2.7602453,5.502329
20231216T0000,6.290245,0.23024541,2.865245
20231217T0000,6.0502453,-0.5397546,1.6864953
20231218T0000,9.000245,-0.2697546,2.6802454
20231219T0000,6.5502453,0.8102454,3.403162
20231220T0000,6.8102455,4.7802453,5.8435783
20231221T0000,10.110246,5.710245,8.354413
20231222T0000,9.5602455,8.090245,8.881078
20231223T0000,8.760245,7.880245,8.191078
20231224T0000,11.370245,8.390245,9.715662
20231225T0000,11.130245,5.7202454,8.850661
20231226T0000,9.840245,3.0002456,6.942745
20231227T0000,9.940246,1.7202454,4.558579
20231228T0000,9.680245,4.5702453,7.2819123
20231229T0000,12.440246,8.050245,10.102746
20231230T0000,12.000245,4.1002455,7.9810777
20231231T0000,7.880245,4.0102453,5.6056614
20240101T0000,8.290245,5.110245,6.5073285
20240102T0000,11.170245,6.1602454,9.208163
20240103T0000,12.360246,9.540245,10.898579
20240104T0000,9.940246,3.9602456,7.7794113
20240105T0000,8.280246,4.150245,6.1723275
20240106T0000,6.2602453,4.5802455,5.303162
20240107T0000,4.7402453,0.080245405,3.2960787
20240108T0000,-0.2697546,-1.1897546,-0.833088
20240109T0000,-1.1997546,-2.9897547,-2.391421
20240110T0000,0.9502454,-3.3897548,-1.9922546
20240111T0000,-0.8197546,-5.0697546,-3.4414215
20240112T0000,-2.0997548,-6.4697547,-4.473922
20240113T0000,-1.8897547,-7.269755,-4.597255
20240114T0000,0.1202454,-6.6597548,-3.228921
20240115T0000,2.1202455,-2.8997545,-0.08767126
20240116T0000,1.8202454,-6.9097548,-2.7897549
20240117T0000,10.930245,-0.6697546,5.473578
20240118T0000,10.870245,-0.05975461,6.173996
20240119T0000,1.4202454,-4.8597546,-1.4335047
20240120T0000,1.5202454,-6.249755,-3.2676709
20240121T0000,6.3202453,-5.3797545,-0.24642152
20240122T0000,9.470245,0.9402454,6.4802456
20240123T0000,9.610246,6.750245,8.116078
20240124T0000,13.920245,10.160245,12.011077
20240125T0000,12.040245,9.530245,10.5064945
20240126T0000,11.630245,4.7402453,9.178579
20240127T0000,8.490246,0.070245415,3.5131624
20240128T0000,10.730246,0.070245415,3.5714953
20240129T0000,13.180245,1.0802454,5.2364955
20240130T0000,12.020246,1.9802454,6.166495
20240131T0000,12.760245,2.1402454,6.827745
20240201T0000,10.010245,6.5102453,8.609412
20240202T0000,11.200245,4.7002454,7.150661
20240203T0000,9.630245,3.3002453,5.885662
20240204T0000,9.390245,5.1602454,6.618995
20240205T0000,10.450245,3.1602454,6.0527444
20240206T0000,8.370246,2.4702454,5.510662
20240207T0000,11.470245,6.6002455,8.957328
20240208T0000,13.8102455,9.610246,10.885661
20240209T0000,13.120245,8.680245,10.560245
20240210T0000,11.960245,7.7002454,9.378996
20240211T0000,9.870245,6.020245,7.8727455
20240212T0000,9.710245,4.9502454,7.569828
20240213T0000,11.480246,2.3402452,6.1064954
20240214T0000,13.520246,3.7902455,8.89858
20240215T0000,14.670245,4.7202454,8.995245
20240216T0000,13.940246,8.430245,10.938161
20240217T0000,11.600245,8.420245,10.246913
20240218T0000,11.990245,5.5702453,8.655245
20240219T0000,11.860246,8.830245,9.876078
20240220T0000,11.260245,3.4602456,8.059829
20240221T0000,12.220245,2.0802455,7.946079
20240222T0000,12.930245,7.4702454,10.792328
20240223T0000,10.040245,3.6102452,6.6252446
20240224T0000,9.000245,1.5902454,5.271912
20240225T0000,11.960245,1.1002455,6.3477454
20240226T0000,13.030245,5.6002455,8.453578
20240227T0000,10.820246,4.6402454,7.9377446
20240228T0000,10.710245,5.3502455,7.595661
20240229T0000,11.520246,3.0502453,6.1656613
20240301T0000,9.8102455,3.8802452,6.738996
20240302T0000,14.030245,2.9002452,7.9798293
20240303T0000,13.3102455,5.3002453,8.773995
20240304T0000,9.230246,6.3102455,7.5381618
20240305T0000,10.090245,6.4302454,7.7194123
20240306T0000,8.610246,5.380245,6.4306626
20240307T0000,8.670245,1.3002454,6.102328
20240308T0000,11.390245,0.11024541,5.3460784
20240309T0000,14.510245,2.5702453,8.920245
20240310T0000,10.320246,5.3902454,7.9760776
20240311T0000,12.8102455,2.7002454,7.190661
20240312T0000,9.730246,5.1002455,7.6981616
20240313T0000,13.050245,6.8502455,9.663579
20240314T0000,17.930244,4.940245,10.342746
20240315T0000,16.410246,8.650246,12.148995
20240316T0000,14.040245,7.460245,11.067744
20240317T0000,13.160245,5.6802454,9.631495
20240318T0000,14.390245,8.780245,10.781911
20240319T0000,16.570246,6.360245,10.641496
20240320T0000,19.460245,3.9702454,11.043995
20240321T0000,19.200245,8.600245,13.701913
20240322T0000,20.280245,7.6402454,13.410245
20240323T0000,12.450245,5.110245,9.002745
20240324T0000,8.940246,4.5902452,6.3781624
20240325T0000,13.120245,1.5102453,7.39733
20240326T0000,17.270245,5.2402453,11.118579
20240327T0000,9.5602455,2.7902455,6.510662
20240328T0000,12.710245,2.0402455,7.1256623
20240329T0000,18.210245,5.6602454,11.279412
20240330T0000,15.070246,9.200245,11.478995
20240331T0000,16.770245,6.750245,11.369412
20240401T0000,12.070246,7.7402453,9.654412
20240402T0000,13.840245,5.020245,9.620662
20240403T0000,13.090245,4.9102454,10.098161
20240404T0000,17.130245,11.710245,13.878579
20240405T0000,22.950245,9.550245,16.145664
20240406T0000,27.600245,9.480246,17.607328
20240407T0000,24.370245,12.800245,17.98066
20240408T0000,25.740246,11.720245,18.813578
20240409T0000,18.450245,6.440245,10.995663
20240410T0000,12.630245,4.4502454,8.426079
20240411T0000,17.810246,3.5602455,10.717328
20240412T0000,21.860245,4.0702453,13.620664
20240413T0000,26.440245,6.960245,16.597328
20240414T0000,26.510244,10.800245,18.558994
20240415T0000,18.920246,7.860245,15.278163
20240416T0000,10.550245,5.940245,7.7064953
20240417T0000,9.500245,4.2502456,6.426495
20240418T0000,9.010245,3.1102452,5.751079
20240419T0000,7.8402452,3.0902452,6.106495
20240420T0000,8.990245,4.2102456,6.278162
20240421T0000,6.2402453,2.1902454,4.4952445
20240422T0000,7.170245,2.4402454,4.758579
20240423T0000,9.270246,1.4302454,5.3806624
20240424T0000,6.9902453,0.9502454,4.6023283
20240425T0000,10.530245,2.6802454,6.116913
20240426T0000,12.680245,3.5202456,8.134829
20240427T0000,21.010244,5.040245,13.171496
20240428T0000,13.910245,9.460245,11.730245
20240429T0000,19.470245,8.740245,13.601911
20240430T0000,24.240246,8.070246,16.253578
20240501T0000,26.180244,9.640245,17.794413
20240502T0000,15.870245,10.580245,13.148994
20240503T0000,14.550245,7.3102455,11.380662
20240504T0000,18.730246,6.150245,13.466077
20240505T0000,20.660246,13.020246,16.106497
20240506T0000,14.630245,11.350245,13.389412
20240507T0000,15.370245,10.210245,12.792745
20240508T0000,16.810246,10.460245,13.4648285
20240509T0000,20.010244,8.890245,14.256496
20240510T0000,23.770245,6.3202453,15.708161
20240511T0000,25.480246,7.730245,17.360243
20240512T0000,25.630245,11.000245,18.448578
20240513T0000,23.810246,13.400246,18.388992
20240514T0000,25.080246,11.090245,17.892744
20240515T0000,17.900246,11.920245,14.775664
20240516T0000,16.620245,10.750245,13.292745
20240517T0000,16.490246,9.400246,13.143994
20240518T0000,20.850245,7.3502455,14.024411
20240519T0000,21.380245,9.900246,15.433995
20240520T0000,23.770245,9.580245,17.283579
20240521T0000,19.080246,13.0602455,15.403161
20240522T0000,18.940245,11.800245,15.543579
20240523T0000,16.640245,10.020246,13.523997
20240524T0000,17.450245,9.550245,14.025661
20240525T0000,21.090246,8.200246,14.853996
20240526T0000,22.000246,9.420245,16.477327
20240527T0000,20.430244,13.440246,16.723997
20240528T0000,21.110245,11.190246,16.11358
20240529T0000,17.010244,11.190246,14.545662
20240530T0000,17.980246,12.160245,15.348163
20240531T0000,15.960245,11.290245,13.251494
20240601T0000,17.880245,12.230246,14.92233
20240602T0000,17.140245,13.760245,15.413994
20240603T0000,17.160246,13.650246,15.086495
20240604T0000,22.700245,12.200245,17.281912
20240605T0000,24.460245,12.860246,18.900663
20240606T0000,25.510244,12.790245,19.611078
20240607T0000,26.110245,15.370245,20.635248
20240608T0000,23.220245,14.270246,19.052746
20240609T0000,20.540245,16.160246,18.22733
20240610T0000,21.770245,13.390245,17.651495
20240611T0000,17.220245,10.910245,13.876912
20240612T0000,19.400246,8.760245,14.547326
20240613T0000,21.410246,9.800245,15.3744135
20240614T0000,20.820246,11.790245,16.451496
20240615T0000,19.840246,13.580245,16.468998
20240616T0000,22.440245,12.920245,17.562746
20240617T0000,20.950245,15.190246,18.204828
20240618T0000,29.740246,13.530245,21.868576
20240619T0000,28.800245,17.310246,22.826492
20240620T0000,26.370245,17.500246,20.997744
20240621T0000,23.830246,16.140245,19.067327
20240622T0000,17.640245,13.850245,15.733163
20240623T0000,20.890245,13.490245,17.423578
20240624T0000,27.410246,14.750245,21.477327
20240625T0000,28.800245,15.690246,22.462328
20240626T0000,24.890245,16.640245,21.024832
20240627T0000,29.720245,17.500246,23.790665
20240628T0000,29.060246,18.870245,24.185247
20240629T0000,30.060246,18.860245,24.185661
20240630T0000,21.460245,15.750245,18.886496
20240701T0000,22.670246,14.520246,18.25858
20240702T0000,19.160246,14.010245,16.116913
20240703T0000,17.630245,13.770246,15.454413
20240704T0000,21.410246,13.300245,17.453163
20240705T0000,24.840246,12.890245,19.28108
20240706T0000,22.680244,14.860246,17.863163
20240707T0000,21.680244,12.330245,17.121077
20240708T0000,27.410246,10.740245,19.670246
20240709T0000,32.520245,15.260245,24.450243
20240710T0000,26.750246,20.300245,22.707747
20240711T0000,27.990246,19.460245,23.230246
20240712T0000,23.840246,16.740246,20.657743
20240713T0000,23.060246,14.510245,18.69316
20240714T0000,25.240246,12.050245,19.365246
20240715T0000,29.650246,14.500245,21.922747
20240716T0000,24.090246,15.940246,20.588581
20240717T0000,25.700245,15.160245,20.465246
20240718T0000,28.840246,14.120245,21.857744
20240719T0000,30.990246,16.130245,23.99483
20240720T0000,31.170246,17.280245,24.631912
20240721T0000,26.500246,19.370245,22.561499
20240722T0000,25.700245,17.180244,21.556082
20240723T0000,25.420246,15.120245,20.763578
20240724T0000,23.900246,15.670245,20.040247
20240725T0000,27.040245,14.380245,20.490248
20240726T0000,28.700245,15.250245,22.228996
20240727T0000,28.710245,17.360245,22.800247
20240728T0000,24.900246,16.220245,20.504827
20240729T0000,29.490246,13.980246,22.13733
20240730T0000,34.11025,16.900246,24.960249
20240731T0000,31.200245,18.960245,24.721914
20240801T0000,26.890245,19.240246,22.69233
20240802T0000,27.850245,17.890245,22.473166
20240803T0000,27.090246,17.240246,21.90108
20240804T0000,25.230246,16.320246,21.122747
20240805T0000,27.650246,16.580246,21.831495
20240806T0000,30.290245,15.050245,23.348993
20240807T0000,27.590246,17.640245,21.90358
20240808T0000,26.340246,15.830245,21.865244
20240809T0000,29.210245,13.8102455,22.073996
20240810T0000,30.390245,17.270245,23.873999
20240811T0000,32.510246,17.680244,24.986498
20240812T0000,34.260246,20.930244,27.056084
20240813T0000,33.18025,18.970245,25.870245
20240814T0000,28.940245,19.210245,23.705244
20240815T0000,29.580246,17.510244,23.33316
20240816T0000,30.090246,18.880245,24.26066
20240817T0000,28.700245,18.080246,23.282747
20240818T0000,21.080246,17.310246,19.33941
20240819T0000,24.200245,16.180246,19.698164
20240820T0000,26.460245,14.830245,20.820662
20240821T0000,23.020245,12.990245,19.02441
20240822T0000,27.010244,11.430245,18.484411
20240823T0000,29.530245,12.120245,20.889828
20240824T0000,34.77025,15.3102455,25.02858
20240825T0000,21.640245,15.250245,18.443998
20240826T0000,23.000246,13.000245,17.615246
20240827T0000,26.550245,11.500245,19.107328
20240828T0000,32.080246,14.910245,23.156916
20240829T0000,32.520245,16.740246,24.54733
20240830T0000,31.570246,17.660246,24.368996
20240831T0000,31.120245,18.090246,24.351912
20240901T0000,30.700245,17.990246,23.869827
20240902T0000,27.560246,18.290245,22.301079
20240903T0000,29.170246,17.770245,22.86691
20240904T0000,25.260244,18.820246,21.648996
20240905T0000,23.800245,16.160246,19.348162
20240906T0000,25.340246,14.260245,18.922327
20240907T0000,28.990246,13.950245,21.33483
20240908T0000,20.910246,15.410245,18.459414
20240909T0000,19.550245,15.250245,16.824831
20240910T0000,18.210245,12.980246,15.766913
20240911T0000,15.270246,9.210245,12.867745
20240912T0000,13.670245,6.9902453,10.340245
20240913T0000,13.640245,6.8402452,10.156078
20240914T0000,14.890245,6.380245,11.078162
20240915T0000,17.270245,4.3002453,10.661078
20240916T0000,15.460245,7.900245,11.659413
20240917T0000,18.110245,12.320246,14.417329
20240918T0000,22.220245,11.450245,16.03441
20240919T0000,22.450245,9.990245,15.78233
20240920T0000,23.700245,10.000245,15.850661
20240921T0000,24.040245,10.650246,16.382746
20240922T0000,23.050245,11.0602455,16.778997
20240923T0000,17.200245,12.280245,15.075248
20240924T0000,18.600245,12.110246,15.241912
20240925T0000,20.040245,13.510245,16.391495
20240926T0000,17.880245,14.750245,16.67108
20240927T0000,16.030245,11.300245,14.132745
20240928T0000,13.640245,7.860245,11.318162
20240929T0000,15.3102455,4.9302454,10.215661
20240930T0000,19.370245,9.330245,14.858161
20241001T0000,16.100246,12.510245,14.119831
20241002T0000,14.050245,10.000245,12.517327
20241003T0000,12.990245,8.690246,10.837327
20241004T0000,13.040245,9.470245,10.900245
20241005T0000,14.160245,5.8402452,10.154828
20241006T0000,16.510246,5.5802455,10.797329
20241007T0000,19.040245,12.150246,15.53358
20241008T0000,15.140245,11.440246,14.028996
20241009T0000,18.170246,9.670245,14.451496
20241010T0000,18.660246,11.720245,14.439411
20241011T0000,14.540245,5.9502454,11.223579
20241012T0000,14.640245,4.920245,10.267745
20241013T0000,16.170246,9.290245,13.965244
20241014T0000,20.450245,9.620245,14.447328
20241015T0000,15.780245,12.490245,14.062327
20241016T0000,17.720245,11.660245,13.949413
20241017T0000,20.920246,13.140245,16.052328
20241018T0000,17.660246,12.050245,14.791493
20241019T0000,17.430244,10.400246,13.241076
20241020T0000,17.860245,9.870245,12.499829
20241021T0000,21.740246,9.680245,14.139831
20241022T0000,17.560246,13.370245,15.631495
20241023T0000,15.900246,10.970245,12.778579
20241024T0000,17.620245,10.950245,13.500661
20241025T0000,18.960245,11.020246,14.0706625
20241026T0000,14.270246,9.320246,11.500661
20241027T0000,20.060246,9.520246,13.354828
20241028T0000,20.040245,8.190246,12.712746
20241029T0000,18.950245,8.750245,12.381913
20241030T0000,14.420245,8.340245,10.671078
20241031T0000,12.650246,8.940246,10.488994
20241101T0000,16.470245,6.9702454,10.028579
20241102T0000,10.420245,6.520245,8.429829
20241103T0000,12.610246,5.1202455,8.797328
20241104T0000,10.180245,3.9602456,6.5981617
20241105T0000,15.670245,5.250245,8.8848295
20241106T0000,14.620245,7.210245,10.262328
20241107T0000,9.660245,7.110245,8.354828
20241108T0000,11.670245,7.690245,8.983578
20241109T0000,12.320246,6.7002454,8.768994
20241110T0000,8.490246,5.3202453,6.7044125
20241111T0000,7.7002454,4.5602455,6.182329
20241112T0000,8.470245,5.2402453,6.6219115
20241113T0000,5.790245,2.8302455,4.671495
20241114T0000,7.8402452,1.5602454,4.591912
20241115T0000,9.860246,1.5802454,5.3673286
20241116T0000,7.8502455,0.5102454,3.0127459
20241117T0000,9.3102455,2.0502453,5.960245
20241118T0000,9.640245,6.4702454,8.120246
20241119T0000,11.450245,8.450246,10.052746
20241120T0000,6.3202453,2.1902454,4.449412
20241121T0000,3.2502456,0.20024541,1.4927453
20241122T0000,2.4802454,-2.5997548,0.14274542
20241123T0000,4.0702453,-2.2697544,1.6406621
20241124T0000,14.190246,4.7002454,8.051496
20241125T0000,14.910245,4.4702454,9.223995
20241126T0000,11.820246,5.500245,9.228995
20241127T0000,11.510245,3.9002452,7.997745
20241128T0000,11.010245,-0.40975457,7.082329
20241129T0000,5.7002454,-1.2097546,1.1189954
20241130T0000,4.0702453,-1.8597547,0.488162
20241201T0000,6.3702455,-2.5597544,1.2048287
20241202T0000,10.530245,3.2502456,7.283995
20241203T0000,8.120246,3.9902453,6.390245
20241204T0000,6.230245,-0.29975462,4.3677454
20241205T0000,7.440245,-2.0597544,2.4606621
20241206T0000,10.480246,5.0302453,8.331079
20241207T0000,8.920245,4.770245,6.7489963
20241208T0000,6.920245,4.0802455,5.2123284
20241209T0000,5.170245,3.9702454,4.725662
20241210T0000,5.290245,3.0602455,4.166079
20241211T0000,4.4702454,2.5502453,3.5289955
20241212T0000,4.0502453,0.5502454,2.4089956
20241213T0000,3.6102452,-1.2797546,0.5235787
20241214T0000,5.130245,-0.35975462,3.1448286
20241215T0000,5.0502453,2.6602454,3.8273287
20241216T0000,9.190246,2.2802453,5.425246
20241217T0000,7.0902452,1.8002454,3.6219122
20241218T0000,12.670245,3.0102453,7.9469123
20241219T0000,13.510245,3.9402456,8.371912
20241220T0000,4.9702454,1.3402455,3.1177454
20241221T0000,7.040245,1.9102454,4.9773293
20241222T0000,8.650246,2.2002454,5.278162
20241223T0000,4.8302455,1.7202454,3.1252453
20241224T0000,5.3902454,1.9802454,3.214412
20241225T0000,6.5602455,-0.39975458,2.4002457
20241226T0000,4.2502456,-1.6697546,0.25816208
20241227T0000,3.5602455,-1.6397547,-0.14058793
20241228T0000,4.960245,-1.9297546,0.21524541
20241229T0000,2.6202455,-1.8897547,-0.34975466
20241230T0000,1.0802454,-2.0097547,-0.87683797
20241231T0000,5.020245,-2.8997545,-0.20392124